{
  "prompt_sent": 33.30126476287842,
  "copilot_responding": 34.10211753845215,
  "mcp_tool_seen": 48.76299786567688
}
