{
  "prompt_sent": 33.636533975601196,
  "copilot_responding": 34.437533140182495,
  "mcp_tool_seen": 47.86950445175171,
  "demo_done": 207.3237988948822
}
